,,,,,,,,
QB,,,,,,,,
Rank,Players,DK Rank,FD Rank,Site,Slot,Core DK,Core FD,Notes
1,Tyler Shough,1,2,BOTH,CASH,,,Playing fastest pace in league with 43.5 total. Great value.
2,Josh Allen,2,1,BOTH,CASH,,,High Price tag in a 49.5 total matchup against the Chargers.
3,Trevor Lawrence,3,,DK,CASH,,,Solid projection of 19.06 points with a 46.5 game total.
4,Justin Herbert,,4,FD,CASH,,,Strong passing volume expected in a high 49.5 game total.
5,Jared Goff,4,,DK,CASH,,,Strong 19.44 projection with a 48.5 total against the Jets.
6,Patrick Mahomes,5,6,BOTH,CASH,,,Third highest scoring quarterback with a 28 point total.
7,Dak Prescott,,7,FD,GPP,,,High ceiling in a game featuring a slate leading 53.5 total.
8,Lamar Jackson,6,3,BOTH,GPP,,,Strong dual threat option in a massive 53.5 game total.
9,Brock Purdy,7,5,BOTH,GPP,,,Ranks third in pass rate over expected with rushing floor.
10,Kyler Murray,8,8,BOTH,GPP,,,Value quarterback with 17.59 projection in tight matchup.
,,,,,,,,
RB,,,,,,,,
Rank,Players,DK Rank,FD Rank,Site,Slot,Core DK,Core FD,Notes
1,Jahmyr Gibbs,1,1,BOTH,CASH,,Y,Bell-cow role with heavy snaps and routes in great matchup.
2,Jaylen Warren,2,2,BOTH,CASH,,,Increased workload and unassailable volume with back out.
3,Jonathan Taylor,3,3,BOTH,CASH,,,Solid 18.73 projection in a tight divisional matchup.
4,Kenneth Walker III,4,4,BOTH,CASH,,,High 21.05 projection with a massive 10 point spread.
5,Derrick Henry,5,5,BOTH,CASH,,,Strong rushing floor in a high 53.5 total game script.
6,Cam Skattebo,6,6,BOTH,GPP,,,Solid GPP running back option with a favorable home spread.
7,Breece Hall,7,,DK,GPP,,,Explosive pass catching back in a high 48.5 game total.
8,Aaron Jones,,8,FD,GPP,,,Contrarian running back option with a narrow point spread.
9,David Montgomery,8,7,BOTH,GPP,,,Volatile role against defense allowing many running back points.
,,,,,,,,
WR,,,,,,,,
Rank,Players,DK Rank,FD Rank,Site,Slot,Core DK,Core FD,Notes
1,Jaxon Smith-Njigba,1,1,BOTH,CASH,Y,Y,Elite target volume in a favorable divisional matchup.
2,Amon-Ra St. Brown,2,,DK,CASH,,,High projection of 20.8 points in a 48.5 game total.
3,CeeDee Lamb,,3,FD,CASH,,,Elite target upside in the highest total game of the slate.
4,Parker Washington,3,4,BOTH,CASH,,,Heavy slot usage avoids top corner in man heavy coverage.
5,Ladd McConkey,4,2,BOTH,CASH,,,Healthier with extra recovery time in high total matchup.
6,Chris Olave,5,5,BOTH,CASH,,,Strong 18.03 projection in a favorable game script.
7,Justin Jefferson,6,,DK,GPP,,,Elite ceiling option with strong target share upside.
8,Zay Flowers,,8,FD,GPP,,,GPP wide receiver with massive ceiling in high total.
9,Tetairoa McMillan,7,6,BOTH,GPP,,,Condensed targets and massive air yards share in offense.
10,George Pickens,8,7,BOTH,GPP,,,Poised for heavy passing volume against vulnerable defense.
,,,,,,,,
TE,,,,,,,,
Rank,Players,DK Rank,FD Rank,Site,Slot,Core DK,Core FD,Notes
1,Dalton Schultz,1,3,BOTH,CASH,Y,,Heavy target volume with top pass catcher ruled out.
2,Oronde Gadsden,2,5,BOTH,CASH,,,Expected to run more routes to keep up with high total.
3,Trey McBride,3,1,BOTH,CASH,,,Elite tight end projection with strong target volume.
4,Sam LaPorta,4,6,BOTH,CASH,,,Solid value tight end in a high 48.5 game total.
5,Travis Kelce,5,4,BOTH,CASH,,,Reliable red zone weapon in a high implied total game.
6,Dalton Kincaid,6,2,BOTH,GPP,,,Elite route participation and high target share in offense.
7,Mark Andrews,7,,DK,GPP,,,Carves out larger role with high route and target share.
8,Isaiah Likely,,8,FD,GPP,,,Solid GPP tight end option in a tight game script.
9,George Kittle,8,7,BOTH,GPP,,,Physical tight end option with solid red zone upside.
,,,,,,,,
DST,,,,,,,,
Rank,Players,DK Rank,FD Rank,Site,Slot,Core DK,Core FD,Notes
1,Seattle Seahawks,1,1,BOTH,CASH,,,DST Ranked by Projections
2,Kansas City Chiefs,2,2,BOTH,CASH,,,DST Ranked by Projections
3,Minnesota Vikings,3,3,BOTH,CASH,,,DST Ranked by Projections
4,San Francisco 49ers,4,4,BOTH,CASH,,,DST Ranked by Projections
5,Carolina Panthers,5,5,BOTH,CASH,,,DST Ranked by Projections
